"ID","Flags","ModelName","SizeClass","ModelScale","BloodID","FootprintTextureID","FootprintTextureLength","FootprintTextureWidth","FootprintTextureScale","FoleyMaterialID","FootstepShakeSize","DeathThudShakeSize","CollisionWidth","CollisionHeight","MountHeight"
"1","10","Creature\Basilisk\Basilisk.mdx","1","1","1","7","18","12","1","0","0","0","1,401298E-45","0,6944","2,083"
"2","2","Creature\BogBeast\BogBeast.mdx","1","1","1","-1","18","12","1","0","0","0","2,802597E-45","0,6944","2,083"
"3","2","Creature\Centaur\Centaur.mdx","1","1","1","-1","18","12","1","0","0","0","4,203895E-45","0,6944","2,083"
"4","2","Creature\CrystalSpider\CrystalSpider.mdx","1","1","1","0","18","12","1","0","0","0","5,605194E-45","0","0"
"5","2","Creature\DarkHound\DarkHound.mdx","1","1","1","-1","18","12","1","0","0","0","7,006492E-45","0,6111","1,667"
"6","9","Creature\DragonWhelp\DragonWhelp.mdx","0","1","1","-1","18","12","1","0","0","0","8,407791E-45","0,6944","2,083"
"8","0","Creature\furbolg\Furbolg.mdx","1","1","1","7","18","12","1","0","0","0","1,121039E-44","0,6944","2,083"
"9","3","Creature\Ghost\Ghost.mdx","1","1","1","-1","18","12","1","0","0","0","1,261169E-44","0,6944","2,083"
"10","0","Creature\Gnoll\gnoll.mdx","1","1","1","7","18","12","1","0","0","0","1,401298E-44","0,6944","2,083"
"11","0","Creature\Grell\Grell.mdx","0","1","1","4","18","12","1","0","0","0","1,541428E-44","0,4722","1,528"
"12","1","Creature\Harpy\Harpy.mdx","1","1","1","-1","18","12","1","0","0","0","1,681558E-44","0,6944","2,083"
"13","0","Creature\HUFMCitizenLow\HUFMCitizenLow.mdx","1","1","1","1","18","12","1","0","0","0","1,821688E-44","0,5097","2,031"
"14","0","Creature\HUFMCitizenMid\HUFMCitizenMid.mdx","1","1","1","1","18","12","1","0","0","0","1,961818E-44","0,5097","2,031"
"15","0","Creature\HUFMMerchant\HUFMMerchant.mdx","1","1","1","1","18","12","1","0","0","0","2,101948E-44","0,5097","2,031"
"16","0","Creature\HumanThief\HumanThief.mdx","1","1","1","1","18","12","1","0","0","0","2,242078E-44","0,6944","2,083"
"17","0","Creature\HUMLBlackSmith\HUMLBlackSmith.mdx","1","1","1","1","18","12","1","0","0","0","2,382207E-44","0,5097","2,031"
"18","0","Creature\HUMLMagicSmith\HUMLMagicSmith.mdx","1","1","1","1","18","12","1","0","0","0","2,522337E-44","0,5097","2,031"
"19","0","Creature\HUMLMerchant\HUMLMerchant.mdx","1","1","1","1","18","12","1","0","0","0","2,662467E-44","0,5097","2,031"
"20","0","Creature\HUMLUpperCitizen\HUMLUpperCitizen.mdx","1","1","1","1","18","12","1","0","0","0","2,802597E-44","0,5097","2,031"
"21","0","Creature\HUMNGuardBig\HUMNGuardBig.mdx","1","1","1","1","18","12","1","0","0","0","2,942727E-44","0,5097","2,031"
"22","0","Creature\HUMSCitizenMid\HUMSCitizenMid.mdx","1","1","1","1","18","12","1","0","0","0","3,082857E-44","0,5097","2,031"
"23","0","Creature\HUMSMerchant\HUMSMerchant.mdx","1","1","1","1","18","12","1","0","0","0","3,222986E-44","0,5097","2,031"
"24","2","Creature\Infernal\Infernal.mdx","1","1","1","5","18","12","1","0","0","10","3,363116E-44","0","0"
"25","0","Creature\KeeperOfTheGrove\KeeperOfTheGrove.mdx","1","1","1","6","18","12","1","0","0","0","3,503246E-44","0,6944","2,083"
"26","0","Creature\Kobold\Kobold.mdx","0","1","1","1","18","12","1","0","0","0","3,643376E-44","0,6944","1,389"
"27","0","Creature\Kodobeast\KodoBeast.mdx","3","1","1","1","18","12","1","0","1","10","3,783506E-44","0,6944","2,083"
"28","2","Creature\LavaSpider\LavaSpider.mdx","1","1","1","-1","18","12","1","0","0","0","3,923636E-44","0","0"
"29","0","Creature\LostOne\LostOne.mdx","1","1","1","4","18","12","1","0","0","0","4,063766E-44","0,6944","2,083"
"30","2","Creature\MineSpider\MineSpider.mdx","1","1","2","-1","18","12","1","0","0","0","4,203895E-44","0,6944","2,083"
"31","0","Creature\Murloc\Murloc.mdx","1","1","1","4","18","12","1","0","0","0","4,344025E-44","0,6944","1,389"
"32","0","Creature\Ogre\Ogre.mdx","3","1","1","4","18","12","1","0","0","10","4,484155E-44","0,75","2,361"
"33","8","Creature\Ogre\OgreMage.mdx","3","1","1","1","18","12","1","0","0","10","4,624285E-44","0,75","2,361"
"34","0","Creature\Raptor\Raptor.mdx","1","1","1","5","18","12","1","0","0","0","4,764415E-44","0,6944","2,083"
"35","2","Creature\SeaGiant\SeaGiant.mdx","4","1","1","4","18","12","1","0","1","11","4,904545E-44","0,6944","2,083"
"36","1","Creature\SILITHID\Silithid.mdx","1","1","2","1","1","1","1","0","0","0","5,044674E-44","0,6944","2,083"
"37","2","Creature\Succubus\Succubus.mdx","1","1","1","3","18","12","1","0","0","0","5,184804E-44","0,6944","2,083"
"38","2","Creature\Tallstrider\TallStrider.mdx","1","1","1","5","18","12","1","0","0","0","5,324934E-44","0,6944","2,083"
"39","2","Creature\TitanFemale\TitanFemale.mdx","4","1","1","1","18","12","1","0","10","11","5,465064E-44","0,6944","2,083"
"40","2","Creature\TitanMale\TitanMale.mdx","3","1","1","1","18","12","1","0","1","12","5,605194E-44","0,6944","2,083"
"41","0","Creature\Troglodyte\Troglodyte.mdx","1","1","1","4","18","12","1","0","0","0","5,745324E-44","0,6944","2,083"
"42","0","Creature\Troll\Troll.mdx","1","1","1","1","18","12","1","0","0","0","5,885454E-44","0,6944","2,083"
"43","0","Creature\Wolf\Wolf.mdx","1","1","1","7","9","6","1","0","0","0","6,025583E-44","0,6944","2,083"
"44","0","Creature\Worgen\Worgen.mdx","1","1","1","7","18","12","1","0","0","0","6,165713E-44","1,111","2,126"
"45","2","Creature\Ghoul\Ghoul.mdx","1","1","2","1","18","12","1","0","0","0","6,305843E-44","0,6667","1,869"
"47","0","Creature\DragonSpawn\DragonSpawn.mdx","1","1","1","5","18","12","1","0","0","0","6,586103E-44","0,6944","2,083"
"49","4","Character\Human\Male\HumanMale.mdx","1","1","1","1","12","10","1","0","0","0","6,866362E-44","0,6111","2,031"
"50","4","Character\Human\Female\HumanFemale.mdx","1","1","1","1","12","10","1","0","0","0","7,006492E-44","0,4167","1,913"
"51","4","Character\Orc\Male\OrcMale.mdx","1","1","1","1","14","14","1","0","0","0","7,146622E-44","0,75","2,361"
"52","4","Character\Orc\Female\OrcFemale.mdx","1","1","1","1","12","11","1","0","0","0","7,286752E-44","0,4722","2,051"
"53","4","Character\Dwarf\Male\DwarfMale.mdx","1","1","1","1","12","10","1","0","0","0","7,426882E-44","0,6944","1,667"
"54","4","Character\Dwarf\Female\DwarfFemale.mdx","1","1","1","1","12","10","1","0","0","0","7,567012E-44","0,4444","1,528"
"55","4","Character\NightElf\Male\NightElfMale.mdx","1","1","1","1","12","10","1","0","0","0","7,707142E-44","0,7778","2,438"
"56","4","Character\NightElf\Female\NightElfFemale.mdx","1","1","1","1","12","10","1","0","0","0","7,847271E-44","0,5556","2,25"
"57","4","Character\Scourge\Male\ScourgeMale.mdx","1","1","2","1","12","10","1","0","0","0","7,987401E-44","0,6944","1,861"
"58","4","Character\Scourge\Female\ScourgeFemale.mdx","1","1","2","1","12","10","1","0","0","0","8,127531E-44","0,4167","1,844"
"59","4","Character\Tauren\Male\TaurenMale.mdx","1","1","1","3","22","16","2","0","0","0","8,267661E-44","0,5903","1,653"
"60","4","Character\Tauren\Female\TaurenFemale.mdx","1","1,25","1","3","20","14","2","0","0","0","8,407791E-44","0,6667","2,111"
"61","10","Creature\CarrionBird\CarrionBird.mdx","0","1","1","1","18","12","1","0","0","0","8,547921E-44","0,6944","2,083"
"62","8","Creature\Hydra\Hydra.mdx","3","1","1","1","18","12","1","0","0","10","8,68805E-44","0,6944","2,083"
"63","2","Creature\Tarantula\Tarantula.mdx","1","1","1","1","18","12","1","0","0","0","8,82818E-44","0,6944","2,083"
"64","2","SoundTest.mdx","1","1","1","1","18","12","1","0","0","0","8,96831E-44","0","0"
"65","0","Creature\Horse\Horse.mdx","1","1","1","6","18","12","1","0","0","0","9,10844E-44","0,9444","2,778"
"66","0","Creature\Boar\Boar.mdx","0","1","1","3","9","6","1","0","0","0","9,24857E-44","0,6944","2,083"
"67","0","Creature\AncientProtector\AncientProtector.mdx","3","1","2","3","18","12","1","0","1","11","9,3887E-44","0,6944","2,083"
"68","0","Creature\DoomGuard\DoomGuard.mdx","1","1","1","3","18","12","1","0","0","0","9,52883E-44","0,6944","2,083"
"69","3","Creature\ElementalEarth\ElementalEarth.mdx","1","1","1","3","18","12","1","0","0","0","9,668959E-44","0,6944","2,083"
"70","2","Creature\Skeleton\Skeleton.mdx","1","1","1","1","18","12","1","0","0","0","9,809089E-44","0,6944","2,083"
"71","2","Creature\GolemHarvest\GolemHarvest.mdx","1","1","3","1","18","12","1","0","0","0","9,949219E-44","0,6944","2,083"
"72","2","Creature\GolemHarvestStage2\GolemHarvestStage2.mdx","1","1","3","1","18","12","1","0","0","0","1,008935E-43","0,6944","2,083"
"73","1","Creature\DireWolf\DireWolf.mdx","1","1","1","7","24","18","1","0","0","0","1,022948E-43","0,6944","2,083"
"74","0","Creature\HumanMalePeasant\HumanMalePeasant.mdx","1","1","1","4","12","10","1","0","0","0","1,036961E-43","0,5097","2,031"
"75","1","Creature\WindSerpent\WindSerpent.mdx","2","1","1","5","18","12","1","0","0","0","1,050974E-43","0,6944","2,083"
"76","9","Creature\Frenzy\Frenzy.mdx","1","1","1","-1","18","12","1","0","0","0","1,064987E-43","0,6944","1,389"
"77","0","Creature\Dryad\Dryad.mdx","1","1","1","6","18","12","1","0","0","0","1,079E-43","0,6944","2,083"
"78","0","Creature\Satyr\Satyr.mdx","1","1","1","3","18","12","1","0","0","0","1,093013E-43","0,6944","2,083"
"79","0","Creature\HumanMaleKid\HumanMaleKid.mdx","1","1","1","4","18","12","1","0","0","0","1,107026E-43","0,3681","1,306"
"80","0","Creature\HumanFemaleKid\HumanFemaleKid.mdx","1","1","1","4","18","12","1","0","0","0","1,121039E-43","0,3681","1,194"
"81","3","Creature\Slime\Slime.mdx","1","1","2","-1","18","12","1","0","0","0","1,135052E-43","0,6944","2,083"
"82","0","Creature\Tiger\Tiger.mdx","1","1","1","7","18","12","1","0","0","0","1,149065E-43","0,6944","2,083"
"83","8","Creature\bear\Bear.mdx","1","1","1","7","18","12","1","0","0","0","1,163078E-43","0,6944","1,814"
"84","2","Creature\GolemStone\GolemStone.mdx","1","1","3","-1","18","12","1","0","0","10","1,177091E-43","0,6944","2,083"
"85","1","Creature\Wyvern\Wyvern.mdx","1","1","1","-1","18","12","1","0","0","0","1,191104E-43","0,6944","2,083"
"86","0","Creature\HumanMalePeasant\HumanMalePeasantAxe.mdx","1","1","1","1","18","12","1","0","0","0","1,205117E-43","0,5097","2,031"
"87","0","Creature\HumanMalePeasant\HumanMalePeasantGold.mdx","1","1","1","1","18","12","1","0","0","0","1,21913E-43","0,5097","2,031"
"88","0","Creature\HumanMalePeasant\HumanMalePeasantPick.mdx","1","1","1","1","18","12","1","0","0","0","1,233143E-43","0,5097","2,031"
"89","0","Creature\HumanMalePeasant\HumanMalePeasantWood.mdx","1","1","1","1","18","12","1","0","0","0","1,247156E-43","0,5097","2,031"
"90","9","Creature\Hippogryph\Hippogryph.mdx","2","1","1","-1","18","12","1","0","0","0","1,261169E-43","0,6944","2,083"
"91","1","Creature\SilithidTank\SilithidTank.mdx","1","1","1","1","1","1","1","0","0","0","1,275182E-43","0,6944","2,083"
"92","3","Creature\Silithidwasp\SilithidWasp.mdx","1","1","1","-1","18","12","1","0","0","0","1,289195E-43","0,6944","2,083"
"93","0","Creature\HumanFemaleBlacksmith\HumanFemaleBlacksmith.mdx","1","1","1","1","18","12","1","0","0","0","1,303208E-43","0,4722","1,944"
"94","0","Creature\HumanFemaleFarmer\HumanFemaleFarmer.mdx","1","1","1","1","18","12","1","0","0","0","1,317221E-43","0,4167","1,913"
"95","0","Creature\HumanFemaleMerchantFat\HumanFemaleMerchantFat.mdx","1","1","1","1","18","12","1","0","0","0","1,331234E-43","0,4167","1,976"
"96","0","Creature\HumanFemaleMerchantThin\HumanFemaleMerchantThin.mdx","1","1","1","1","18","12","1","0","0","0","1,345247E-43","0,5556","1,944"
"97","0","Creature\HumanFemalePeasant\HumanFemalePeasant.mdx","1","1","1","1","18","12","1","0","0","0","1,35926E-43","0,4167","1,913"
"98","0","Creature\HumanFemaleWarriorHeavy\HumanFemaleWarriorHeavy.mdx","1","1","1","1","18","12","1","0","0","0","1,373272E-43","0,4167","1,913"
"99","0","Creature\HumanFemaleWarriorLight\HumanFemaleWarriorLight.mdx","1","1","1","1","18","12","1","0","0","0","1,387285E-43","0,4167","1,913"
"100","0","Creature\HumanFemaleWarriorMedium\HumanFemaleWarriorMedium.mdx","1","1","1","1","18","12","1","0","0","0","1,401298E-43","0,4167","1,913"
"101","0","Creature\HumanMaleBlacksmith\HumanMaleBlacksmith.mdx","1","1","1","1","18","12","1","0","0","0","1,415311E-43","0,6944","2,056"
"102","0","Creature\HumanMaleFarmer\HumanMaleFarmer.mdx","1","1","1","1","18","12","1","0","0","0","1,429324E-43","0,5556","2,083"
"103","0","Creature\HumanMaleNoble\HumanMaleNoble.mdx","1","1","1","1","18","12","1","0","0","0","1,443337E-43","0,5097","2,031"
"104","0","Creature\HumanMaleWarriorHeavy\HumanMaleWarriorHeavy.mdx","1","1","1","1","18","12","1","0","0","0","1,45735E-43","0,6111","2,031"
"105","0","Creature\HumanMaleWarriorMedium\HumanMaleWarriorMedium.mdx","1","1","1","1","18","12","1","0","0","0","1,471363E-43","0,6111","2,031"
"106","0","Creature\HumanMaleWizard\HumanMaleWizard.mdx","1","1","1","1","18","12","1","0","0","0","1,485376E-43","0,5097","2,031"
"107","0","Creature\HumanMaleWarriorLight\HumanMaleWarriorLight.mdx","1","1","1","1","18","12","1","0","0","0","1,499389E-43","0,6111","2,031"
"108","0","Creature\HumanMaleCaster\HumanMaleCaster.mdx","1","1","1","1","18","12","1","0","0","0","1,513402E-43","0,6111","2,031"
"109","0","Creature\HumanFemaleCaster\HumanFemaleCaster.mdx","1","1","1","1","18","12","1","0","0","0","1,527415E-43","0,4167","1,913"
"110","11","Creature\WaterElemental\WaterElemental.mdx","1","1","1","-1","18","12","1","0","0","0","1,541428E-43","0,6944","2,083"
"111","0","Creature\Chicken\Chicken.mdx","0","1","1","5","4","3","1","0","0","0","1,555441E-43","0,2778","0,4167"
"112","0","Creature\OrcMaleWarriorLight\OrcMaleWarriorLight.mdx","1","1","1","1","18","12","1","0","0","0","1,569454E-43","0,75","2,361"
"113","0","Creature\OrcMaleMerchantLight\OrcMaleMerchantLight.mdx","1","1","1","1","18","12","1","0","0","0","1,583467E-43","0,75","2,361"
"114","0","Creature\Rabbit\Rabbit.mdx","0","1","1","7","4","3","1","0","0","0","1,59748E-43","0,4444","0,4444"
"115","0","Creature\DwarfMaleWarriorLight\DwarfMaleWarriorLight.mdx","1","1","1","1","18","12","1","0","0","0","1,611493E-43","0,6944","1,389"
"116","0","Creature\Troll\TrollJungleCaster.mdx","1","1","-1","4","18","12","1","0","0","0","1,625506E-43","0,6944","2,083"
"117","0","Creature\Troll\TrollJungleBoss.mdx","1","1","-1","4","18","12","1","0","0","0","1,639519E-43","0,6944","2,083"
"118","0","Creature\Troll\TrollWhelp.mdx","1","1","-1","4","18","12","1","0","0","0","1,653532E-43","0,6944","2,083"
"119","0","Creature\Troll\TrollMelee.mdx","1","1","-1","4","18","12","1","0","0","0","1,667545E-43","0,6944","2,083"
"120","0","Creature\Troll\TrollForestBoss.mdx","1","1","-1","4","18","12","1","0","0","0","1,681558E-43","0,6944","2,083"
"121","0","Creature\Troll\TrollForestCaster.mdx","1","1","-1","4","18","12","1","0","0","0","1,695571E-43","0,6944","2,083"
"122","0","Creature\GnollCaster\GnollCaster.mdx","1","1","1","7","18","12","1","0","0","0","1,709584E-43","0,6944","2,083"
"123","0","Creature\GnollMelee\GnollMelee.mdx","1","1","-1","7","18","12","1","0","0","0","1,723597E-43","0,8333","1,564"
"124","0","Creature\Deer\Deer.mdx","1","1","-1","3","18","12","1","0","0","0","1,73761E-43","0,5556","1,667"
"125","0","Creature\HumanMaleMarshal\HumanMaleMarshal.mdx","1","1","-1","1","18","12","1","0","0","0","1,751623E-43","0,5097","2,031"
"126","0","Creature\HumanMaleGuard\HumanMaleGuard.mdx","1","1","-1","1","18","12","1","0","0","0","1,765636E-43","0,5097","2,031"
"127","0","Creature\HumanMalePirateCaptain\HumanMalePirateCaptain.mdx","1","1","-1","1","18","12","1","0","0","0","1,779649E-43","0,6111","2,031"
"128","0","Creature\HumanMalePirateCrewman\HumanMalePirateCrewman.mdx","1","1","-1","4","18","12","1","0","0","0","1,793662E-43","0,6944","2,083"
"129","0","Creature\HumanMalePirateSwashbuckler\HumanMalePirateSwashbuckler.mdx","1","1","-1","1","18","12","1","0","0","0","1,807675E-43","0,6944","2,083"
"130","0","Creature\Dreadlord\DreadLord.mdx","2","1","3","3","18","12","1","0","0","10","1,821688E-43","0,6944","2,083"
"131","0","Creature\Gnome\Gnome.mdx","1","1","-1","1","18","12","1","0","0","0","1,835701E-43","0,6944","1,25"
"132","8","Creature\Crab\Crab.mdx","0","1","-1","1","4","3","1","0","0","0","1,849714E-43","0,6944","0,9722"
"133","9","Creature\threshadon\Threshadon.mdx","1","1","-1","-1","18","12","1","0","0","0","1,863727E-43","0,6944","2,083"
"134","0","Creature\Squirrel\Squirrel.mdx","0","1","1","7","4","3","1","0","0","0","1,87774E-43","0","0"
"136","0","Creature\Gorilla\Gorilla.mdx","0","1","1","4","18","12","1","0","0","0","1,891753E-43","0,6944","2,083"
"137","10","Creature\Crocodile\Crocodile.mdx","0","1","-1","5","18","12","1","0","0","0","1,905766E-43","0,6944","2,083"
"139","0","Creature\Felhound\FelHound.mdx","0","1","3","5","16,2","10,8","1","0","0","0","1,933792E-43","0,6944","2,083"
"140","0","Creature\Sheep\Sheep.mdx","0","1","1","3","18","12","1","0","0","0","1,947805E-43","0,6944","1,028"
"141","0","Creature\Ent\Ent.mdx","0","1","2","5","18","12","1","0","0","0","1,961818E-43","0,6944","2,083"
"142","3","Creature\Frog\Frog.mdx","0","1","-1","7","4","3","1","0","0","0","1,975831E-43","0,4167","0,2778"
"143","0","Creature\Horse\Horse.mdx","1","1","-1","6","18","12","1","0","0","0","9,10844E-44","0,9444","2,778"
"144","3","Creature\Banshee\Banshee.mdx","0","1","-1","4","18","12","1","0","0","0","1,989844E-43","0,6944","2,083"
"145","0","Creature\Quillboar\QuillBoar.mdx","0","1","-1","3","18","12","1","0","0","0","2,003857E-43","0,6944","2,083"
"146","0","Creature\Wendigo\Wendigo.mdx","0","1","1","4","18","12","1","0","0","0","2,01787E-43","0,6944","2,083"
"147","1","Creature\Gryphon\Gryphon.mdx","2","1","1","-1","18","12","1","0","0","0","2,031883E-43","0,6944","2,083"
"149","0","Creature\GolemHarvestStage2\GolemHarvestStage2.mdx","0","1","-1","1","0","0","0","0","0","0","2,059909E-43","0,6944","2,083"
"150","0","Creature\TempDeathGuard\DeathGuard.mdx","1","1","1","1","18","12","1","0","0","0","2,073922E-43","0,6944","2,083"
"151","0","Creature\TempScarletCrusaderLight\ScarletCrusaderLight.mdx","1","1","1","1","18","12","1","0","0","0","2,087935E-43","0,6111","2,031"
"152","0","Creature\TempScarletCrusaderHeavy\ScarletCrusaderHeavy.mdx","1","1","1","1","18","12","1","0","0","0","2,101948E-43","0,6111","2,031"
"155","0","Creature\Cow\Cow.mdx","1","1","1","-1","18","12","1","0","0","0","2,143987E-43","0,6944","2,083"
"156","0","Creature\FleshGolem\FleshGolem.mdx","2","1","-1","-1","18","12","1","0","0","0","2,158E-43","0,6944","2,083"
"157","0","Creature\QuirajBattleguard\BattleGuard.mdx","2","1","1","-1","0","0","0","0","0","0","2,172013E-43","0,6944","2,083"
"158","0","Creature\QuirajGladiator\QuirajGladiator.mdx","1","1","1","-1","0","0","0","0","0","0","2,186026E-43","0,6944","2,083"
"159","0","Creature\QuirajProphet\QuirajProphet.mdx","1","1","-1","-1","18","12","1","0","0","0","2,200039E-43","0","0"
"160","11","Creature\FireElemental\FireElemental.mdx","1","1","-1","-1","18","12","1","0","0","0","2,214052E-43","0,6944","2,083"
"161","0","Creature\PrarieDog\PrarieDog.mdx","1","1","1","7","4","3","1","0","0","0","2,228065E-43","0,2778","0,2778"
"162","2","Creature\VoidWalker\VoidWalker.mdx","1","1","2","1","18","12","1","0","0","0","2,270104E-43","0,6944","2,083"
"163","0","Creature\OrcMaleWarriorHeavy\OrcMaleWarriorHeavy.mdx","1","1","1","1","18","12","1","0","0","0","2,284116E-43","0,75","2,361"
"164","0","Creature\Goblin\Goblin.mdx","1","1","2","-1","18","12","1","0","0","0","2,298129E-43","0,6944","1,389"
"165","0","Creature\Rat\Rat.mdx","1","1","1","5","4","3","1","0","0","0","2,312142E-43","0,5556","0,2778"
"167","2","Creature\Zombie\ZombieArm.mdx","1","1","2","1","18","12","1","0","0","0","2,326155E-43","0,6944","2,083"
"168","2","Creature\Zombie\Zombie.mdx","1","1","2","1","18","12","1","0","0","0","2,340168E-43","0,6944","2,083"
"170","9","Creature\snake\snake.mdx","1","1","1","1","18","12","1","0","0","0","2,354181E-43","0,6944","0,2806"
"171","3","Creature\Wolf\Wolf_ghost.mdx","1","1","-1","7","18","12","1","0","0","0","2,368194E-43","0,6944","2,083"
"172","0","Creature\Lobstrok\Lobstrok.mdx","2","1","1","5","18","12","1","0","0","0","2,382207E-43","0,6944","2,083"
"173","10","Creature\SeaTurtle\SeaTurtle.mdx","1","1","1","7","18","12","1","0","0","0","2,39622E-43","0,6944","2,083"
"174","2","Creature\SkeletonMage\SkeletonMage.mdx","1","1","-1","1","18","12","1","0","0","0","2,410233E-43","0,6944","2,083"
"175","1","Creature\FaerieDragon\FaerieDragon.mdx","1","1","1","-1","18","12","1","0","0","0","2,424246E-43","0,6944","2,083"
"176","0","Creature\Goblin\GoblinShredder.mdx","1","1","-1","1","18","12","1","0","0","0","2,438259E-43","0,6944","2,083"
"177","3","Creature\FaerieDragon\FaerieDragon_Ghost.mdx","1","1","-1","-1","18","12","1","0","0","0","2,452272E-43","0,6944","2,083"
"178","0","Creature\cockroach\Cockroach.mdx","0","1","-1","1","4","3","0,2","0","0","0","2,466285E-43","0,4167","0,2778"
"180","0","Creature\bear\Bear.mdx","1","1","1","1","18","12","1","0","2","12","1,163078E-43","0,6944","1,814"
"181","3","Creature\Spells\StasisTotem.mdx","1","1","-1","-1","18","12","1","0","0","0","2,480298E-43","0,7936","2,083"
"182","4","Character\Gnome\Male\GnomeMale.mdx","1","1","1","1","12","10","1","0","0","0","4,119817E-43","0,6944","1,056"
"183","4","Character\Gnome\Female\GnomeFemale.mdx","1","1","1","1","12","10","1","0","0","0","4,13383E-43","0,6111","1"
"185","4","Character\Troll\Male\TrollMale.mdx","1","1","1","1","12","10","1","0","0","0","4,147843E-43","0,6944","2,083"
"186","4","Character\Troll\Female\TrollFemale.mdx","1","1","1","1","12","10","1","0","0","0","4,161856E-43","0,613","1,839"
"187","8","Creature\AncientOfLore\AncientofLore.mdx","4","1","-1","1","18","12","1","0","2","11","2,494311E-43","0,6944","2,083"
"188","8","Creature\AncientOfWar\AncientofWar.mdx","4","1","-1","1","18","12","1","0","2","11","2,508324E-43","0,6944","2,083"
"190","3","Creature\Spells\Serpent_Totem.mdx","1","1","-1","-1","18","12","1","0","0","0","2,522337E-43","0,7936","2,876"
"191","0","Creature\ThunderLizard\ThunderLizard.mdx","2","1","1","7","18","12","1","0","0","0","2,53635E-43","0,6944","2,083"
"192","0","Creature\Hyena\Hyena.mdx","1","1","1","7","18","12","1","0","0","0","2,550363E-43","0,6944","2,083"
"193","9","Creature\Shark\Shark.mdx","1","1","1","-1","18","12","1","0","0","0","2,564376E-43","1,042","2,083"
"194","0","Creature\Stag\Stag.mdx","1","1","1","6","18","12","1","0","0","0","2,578389E-43","0,6944","2,083"
"195","0","Creature\MountedKnight\MountedKnight.mdx","1","1","1","6","18","12","1","0","0","10","2,592402E-43","0,6944","2,083"
"197","0","Creature\Gazelle\Gazelle.mdx","1","1","1","3","18","12","1","0","0","0","2,606415E-43","0,6944","2,083"
"198","0","Creature\giraffe\Giraffe.mdx","1","1","1","3","0","0","0","0","0","0","2,620428E-43","0,6944","2,083"
"199","3","Creature\SPELLS\MonsterLure01.mdx","1","1","-1","-1","18","12","1","0","0","0","2,634441E-43","0,2799","1,1"
"201","0","Creature\FelBat\FelBat.mdx","1","1","1","-1","18","12","1","0","0","0","2,648454E-43","0,6944","2,083"
"202","3","Creature\Spells\HealingTotem.mdx","1","1","-1","-1","18","12","1","0","0","0","2,662467E-43","0,7936","2,083"
"203","0","Creature\Dragon\Dragon.mdx","4","1","1","5","30","20","3","0","2","12","2,67648E-43","0,6944","2,083"
"204","2","Creature\TitanMale\TitanMale_Ghost.mdx","1","1","-1","4","18","12","1","0","0","0","2,690493E-43","0,6944","2,083"
"205","0","Creature\MountainGiant\MountainGiant.mdx","3","1","-1","1","18","12","1","0","2","11","2,704506E-43","0,6944","2,083"
"206","0","Creature\SeaGiant\SeaGiant.mdx","1","1","1","4","18","12","1","0","2","12","4,904545E-44","0,6944","2,083"
"207","3","Creature\Wisp\Wisp.mdx","1","1","-1","-1","18","12","1","0","0","0","2,718519E-43","0,6944","2,083"
"209","1","Creature\Hippogryph\Hippogryph.mdx","1","1","1","-1","18","12","1","0","0","0","1,261169E-43","0,6944","2,083"
"210","0","Creature\Lion\Lion.mdx","1","1","1","7","18","12","1","0","0","0","2,746545E-43","0,8333","1,389"
"212","0","Creature\Unicorn\Unicorn.mdx","1","1","1","6","18","12","1","0","0","0","2,760558E-43","0,9444","2,778"
"213","0","Creature\DruidBear\DruidBear.mdx","1","1","1","7","18","12","1","0","0","0","1,163078E-43","0,6944","2,083"
"214","0","Creature\DruidBear\DruidBearTauren.mdx","1","1","1","7","18","12","1","0","0","0","1,163078E-43","0,6944","2,083"
"215","0","Creature\Nightmare\Nightmare.mdx","1","1","3","6","18","12","1","0","0","10","9,10844E-44","0,9444","2,778"
"216","0","Creature\RidingHorse\RidingHorse.mdx","1","1","1","6","18","12","1","0","0","0","9,10844E-44","0,9444","2,778"
"217","0","Creature\DireWolf\RidingDireWolf.mdx","1","1","1","7","24","18","1","0","0","0","1,022948E-43","0,6944","2,083"
"218","1","Creature\Scorpion\Scorpion.mdx","1","1","2","5","0","0","0","0","0","0","2,774571E-43","0,6944","1,389"
"219","3","Creature\Spells\ManaTotem.mdx","1","1","-1","-1","18","12","1","0","0","0","2,788584E-43","0,7936","2,083"
"220","3","Creature\Spells\SentryTotem.mdx","1","1","-1","-1","18","12","1","0","0","0","2,802597E-43","0,7936","1,739"
"221","3","Creature\Spells\InvisibilityTotem.mdx","1","1","-1","-1","18","12","1","0","0","0","2,81661E-43","0,7936","2,083"
"222","3","Creature\Spells\EyeOfKilrog.mdx","0","1","2","-1","18","12","1","0","0","0","2,718519E-43","0,6944","1,389"
"223","0","Creature\SeaLion\SeaLion.mdx","1","1","1","-1","18","12","1","0","0","0","2,830623E-43","0,6944","2,083"
"224","1","Creature\SeaLion\SeaLion.mdx","1","1","1","-1","18","12","1","0","0","0","2,830623E-43","0,6944","2,083"
"225","0","Creature\ForceOfNature\ForceofNature.mdx","1","1","1","5","18","12","1","0","0","0","2,858649E-43","0,6944","2,083"
"227","3","Creature\Orca\Orca.mdx","1","1","1","-1","18","12","1","0","0","0","2,872662E-43","0,6944","2,083"
"229","0","Creature\Ram\Ram.mdx","1","1","1","3","18","12","1","0","0","0","2,886675E-43","0,6944","2,083"
"230","1","Creature\Shark\HammerHead.mdx","1","1","1","-1","18","12","1","0","0","0","2,900688E-43","1,042","2,083"
"250","1","Creature\CryptFiend\CryptFiend.mdx","1","1","3","1","18","12","1","0","0","0","3,180948E-43","0,6944","2,083"
"270","3","Creature\Object\WoodenDummy.mdx","1","1","-1","-1","18","12","1","0","0","0","3,461207E-43","0,4583","2,088"
"271","3","Creature\Object\ArcheryTarget.mdx","1","1","-1","-1","18","12","1","0","0","0","3,47522E-43","2,757","4,677"
"290","3","Creature\Object\Cannon.mdx","1","1","-1","4","18","12","1","0","0","0","3,741467E-43","0,6944","2,083"
"310","0","Creature\HighElf\HighElfFemale_Mage.mdx","1","1","1","1","18","12","1","0","0","0","4,021727E-43","0,4146","2,142"
"311","0","Creature\HighElf\HighElfFemale_Hunter.mdx","1","1","1","1","18","12","1","0","0","0","4,03574E-43","0,4146","2,142"
"312","0","Creature\HighElf\HighElfFemale_Priest.mdx","1","1","1","1","18","12","1","0","0","0","4,049753E-43","0,4146","2,142"
"313","0","Creature\HighElf\HighElfFemale_Warrior.mdx","1","1","1","1","18","12","1","0","0","0","4,063766E-43","0,4146","2,142"
"314","0","Creature\HighElf\HighElfMale_Mage.mdx","1","1","1","1","18","12","1","0","0","0","4,077779E-43","0,5848","2,028"
"315","0","Creature\HighElf\HighElfMale_Hunter.mdx","1","1","1","1","18","12","1","0","0","0","4,091792E-43","0,5848","2,028"
"316","0","Creature\HighElf\HighElfMale_Priest.mdx","1","1","1","1","18","12","1","0","0","0","4,049753E-43","0,5848","2,028"
"317","0","Creature\HighElf\HighElfMale_Warrior.mdx","1","1","1","1","18","12","1","0","0","0","4,105805E-43","0,5848","2,028"
"331","1","Creature\FelBat\BatTaxi.mdx","1","1","1","-1","18","12","1","0","0","0","4,315999E-43","0,6944","2,083"
"332","1","Creature\NagaMale\NagaMale.mdx","1","1","1","1","1","1","1","0","0","0","4,330012E-43","0,6944","2,083"
"351","0","Creature\Chimera\Chimera.mdx","1","1","1","-1","18","12","1","0","0","0","4,596259E-43","0,6944","2,083"
"352","0","Creature\Serpent\Serpent.mdx","1","1","1","1","1","1","1","0","0","0","4,610272E-43","0,6944","2,083"
"371","0","Creature\Imp\Imp.mdx","0","1","1","3","18","12","1","0","0","0","4,876519E-43","0,4722","1,528"
"372","0","Creature\Quillboar\QuillBoarWarrior.mdx","1","1","1","6","18","12","1","0","0","0","2,003857E-43","0,6944","2,083"
"373","1","Creature\Owl\Owl.mdx","1","1","1","1","18","12","1","0","0","0","4,904545E-43","0,6944","2,083"
"374","3","Creature\Spells\WaterElementalTotem.mdx","1","1","-1","-1","18","12","1","0","0","0","4,918558E-43","0,5193","1,315"
"375","3","Creature\Spells\EarthElementalTotem.mdx","1","1","-1","-1","18","12","1","0","0","0","4,932571E-43","0,5193","1,315"
"376","3","Creature\Spells\FireElementalTotem.mdx","1","1","-1","-1","18","12","1","0","0","0","4,946584E-43","0,5201","1,315"
"377","3","Creature\Spells\AirElementalTotem.mdx","1","1","-1","-1","18","12","1","0","0","0","4,960597E-43","0,5193","1,315"
"391","3","Creature\Shade\Shade.mdx","1","1","3","-1","18","12","1","0","0","0","5,156778E-43","0,6944","2,083"
"392","0","Creature\Quillboar\QuillBoarCaster.mdx","1","1","1","6","18","12","1","0","0","0","2,003857E-43","0,6944","2,083"
"393","3","Creature\Spells\FireLightTotem.mdx","1","1","-1","-1","18","12","1","0","0","0","5,184804E-43","0,5201","1,315"
"411","9","Creature\FelBat\FelBat.mdx","1","1","2","-1","18","12","1","0","0","0","2,648454E-43","0,6944","2,083"
"452","1","Creature\Fish\Fish.mdx","1","1","1","-1","18","12","1","0","0","0","5,451051E-43","0,6944","2,083"
"453","1","Creature\StormCrow\StormCrow.mdx","1","1","1","-1","0","0","0","0","0","0","5,465064E-43","0,6944","2,083"
"454","0","Creature\TRex\trex.mdx","2","1","-1","5","12","18","1","0","0","0","5,479077E-43","0,6944","2,083"
"455","2","Creature\Zombie\ZombieSword.mdx","1","1","2","4","12","18","1","0","0","0","5,49309E-43","0,6944","2,083"
"456","10","Creature\Anubisath\Anubisath.mdx","1","1","3","1","18","12","1","0","2","12","5,605194E-44","0,6944","2,083"
"457","0","Creature\FrostSabre\RidingFrostSabre.mdx","1","1","1","7","24","18","1","0","0","0","2,746545E-43","0,6944","2,083"
"458","0","Creature\RidingRaptor\RidingRaptor.mdx","1","1","1","5","24","18","1","0","0","0","4,764415E-44","0,6944","2,083"
"459","0","Creature\Tallstrider\TallStrider.mdx","1","1","1","3","24","18","1","0","0","0","5,324934E-44","0,6944","2,083"
"471","0","Creature\Centaur\CentaurKhan.mdx","1","1","1","6","18","12","1","0","0","0","4,203895E-45","0,6944","2,083"
"491","2","Creature\UndeadHorse\RidingUndeadHorse.mdx","1","1","3","6","18","12","1","0","0","10","5,997557E-43","0,9444","2,778"
"492","0","Creature\Centaur\CentaurCaster.mdx","1","1","1","6","18","12","1","0","0","0","6,01157E-43","0,6944","2,083"
"511","0","Creature\Centaur\CentaurWarrior.mdx","1","1","1","6","18","12","1","0","0","0","4,203895E-45","0,6944","2,083"
"512","3","Creature\Fish\Fish.mdx","1","1","-1","-1","18","12","1","0","0","0","5,451051E-43","0,6944","2,083"
"513","3","Creature\ElementalPoison\PoisonElemental.mdx","1","1","-1","-1","18","12","1","0","0","0","6,29183E-43","0,6944","2,083"
"531","1","Creature\NagaFemale\Siren.mdx","1","1","-1","-1","18","12","1","0","0","0","6,558077E-43","0,6944","2,083"
"551","0","Creature\FelGuard\FelGuard.mdx","1","1","3","1","22","16","1","0","0","10","6,838337E-43","0,6944","2,083"
"552","2","Creature\UndeadHorse\UndeadHorse.mdx","1","1","3","6","12","18","1","0","0","0","5,997557E-43","0,9444","2,778"
"571","9","Creature\Drake\Drake.mdx","2","1","1","1","18","12","1","0","0","10","7,118596E-43","0,6944","2,083"
"591","3","Creature\AirElemental\AirElemental.mdx","1","1","-1","-1","18","12","1","0","0","0","7,398856E-43","0,6944","2,083"
"611","1","Creature\Parrot\Parrot.mdx","0","1","-1","4","18","12","1","0","0","0","7,679116E-43","0,6944","2,083"
"631","0","Creature\Cat\Cat.mdx","0","1","1","7","4","3","1","0","0","0","7,959375E-43","0,4167","0,5556"
"651","1","Creature\Parrot\Parrot.mdx","0","1","1","-1","18","12","1","0","0","0","7,679116E-43","0,6944","2,083"
"671","3","Creature\GnomeSpidertank\GnomeSpiderTank.mdx","2","1","3","-1","1","1","1","0","0","10","8,239635E-43","0,6944","2,083"
"691","3","Creature\ElementalPoison\PoisonElemental.mdx","1","1","2","-1","18","12","1","0","0","0","6,29183E-43","0,6944","2,083"
"692","2","Creature\StoneKeeper\StoneKeeper.mdx","3","1","-1","1","18","12","1","0","1","12","8,519895E-43","0,6944","2,083"
"711","0","Creature\Kodobeast\KodoBeastTame.mdx","3","1","1","1","18","12","1","0","1","10","3,783506E-44","0,6944","2,083"
"712","3","Creature\Spells\LandMine01.mdx","0","1","-1","1","18","12","1","0","0","0","8,814167E-43","0,884","0,3309"
"731","0","Creature\MountedDeathKnight\MountedDeathKnight.mdx","1","1","-1","6","18","12","1","0","0","0","9,080414E-43","0,6944","2,083"
"751","2","Creature\MechaStrider\MechaStrider.mdx","1","1","-1","5","18","12","1","0","0","0","9,640933E-43","0,6944","2,083"
"771","2","Creature\GnomeSpidertank\GnomeBot.mdx","2","1","-1","-1","1","1","1","0","0","10","9,921193E-43","0,6944","2,083"
"791","1","Creature\Wyvern\Wyvern.mdx","2","1","1","-1","18","12","1","0","0","0","1,191104E-43","0,6944","2,083"
"792","1","Creature\Gryphon\Gryphon.mdx","2","1","1","-1","18","12","1","0","0","0","2,031883E-43","0,6944","2,083"
"811","2","Creature\GnomeSpidertank\GnomeAlertBot.mdx","0","1","-1","-1","18","12","1","0","0","0","1,020145E-42","1,389","4,167"
"831","4","Character\Goblin\Male\GoblinMale.mdx","1","1","1","1","12","10","1","0","0","0","1,580665E-42","0,5556","1,389"
"832","4","Character\Goblin\Female\GoblinFemale.mdx","1","1","1","1","12","10","1","0","0","0","4,13383E-43","0,5556","1,389"
"851","0","Creature\GnomeSpidertank\GnomeBomBot.mdx","0","1","-1","1","18","12","1","0","0","0","1,048171E-42","1,389","4,167"
"852","0","Creature\MechaStrider\GnomeMechaStrider.mdx","1","1","-1","5","18","12","1","0","0","0","1,049573E-42","0,6944","2,083"
"853","2","Creature\GnomeSpidertank\GnomePounder.mdx","2","1","-1","1","18","12","1","0","0","10","1,050974E-42","0,6944","2,083"
"871","1","Creature\SILITHIDSCARAB\SilithidScarab.mdx","1","1","2","-1","0","0","0","0","0","0","1,076197E-42","1,667","2,222"
"891","1","Creature\Gargoyle\Gargoyle.mdx","1","1","3","1","18","12","1","0","0","0","1,104223E-42","0,6944","2,083"
"892","0","Creature\MineSpider\MineSpiderBoss.mdx","3","1","2","1","18","12","1","0","0","11","1,105624E-42","0,6944","2,083"
"911","1","Creature\Worm\Worm.mdx","1","1","3","1","18","12","1","0","0","0","1,132249E-42","0,6944","2,083"
"912","0","Creature\SkeletonNaked\SkeletonNaked.mdx","1","1","-1","4","18","12","1","0","0","0","1,13365E-42","0,6944","2,083"
"931","0","Creature\demonhunter\DemonHunter.mdx","1","1","1","1","18","12","1","0","0","0","1,160275E-42","0,6264","2,606"
"932","3","Creature\Larva\Larva.mdx","0","1","1","1","18","12","1","0","0","0","1,161676E-42","0,6944","2,083"
"951","3","Creature\Lasher\Lasher.mdx","1","1","2","1","18","12","1","0","0","0","1,188301E-42","0,6944","2,083"
"971","0","Creature\TrollDire\TrollDire.mdx","2","1","1","1","18","12","1","0","0","0","1,216327E-42","0,6944","2,083"
"991","3","Creature\Slime\SlimeLesser.mdx","0","1","2","-1","18","12","1","0","0","0","1,135052E-43","0,6944","2,083"
"1011","0","Creature\DragonSpawnCaster\DragonSpawnCaster.mdx","1","1","1","5","18","12","1","0","0","0","1,272379E-42","0,6944","2,083"
"1031","0","Creature\DragonSpawn\DragonSpawnArmored.mdx","2","1","1","1","18","12","1","0","0","0","6,586103E-44","0,6944","2,083"
"1051","3","Creature\Lich\Lich.mdx","1","1","3","4","18","12","1","0","0","0","1,328431E-42","0,6944","2,083"
"1071","0","Creature\Kodobeast\KodoBeastPack.mdx","3","1","-1","6","18","12","1","0","1","10","3,783506E-44","0,6944","2,083"
"1091","3","Creature\FlyingMachineCreature\FlyingMachineCreature.mdx","1","1","-1","-1","18","12","1","0","0","0","2,421444E-42","0,6944","2,083"
"1111","3","Creature\SkeletalSerpent\SkeletalSerpent.mdx","1","1","3","1","18","12","1","0","0","0","1,384483E-42","0,6944","2,083"
"1131","2","Creature\GolemStone\GolemCannonStone.mdx","2","1","3","4","18","12","1","0","0","0","1,412509E-42","0,6944","2,083"
"1151","1","Creature\Salamander\SalamanderMale.mdx","1","1","1","1","18","12","1","0","0","0","1,440535E-42","0,6944","2,083"
"1171","0","Creature\Pterrordax\Pterrordax.mdx","1","1","1","5","18","12","1","0","0","0","1,468561E-42","0,6944","2,083"
"1191","0","Creature\WarHorse\WarHorse.mdx","2","1","1","3","18","12","1","0","0","10","9,10844E-44","0,6944","2,083"
"1211","0","Creature\Diemetradon\Diemetradon.mdx","1","1","3","7","18","12","1","0","0","0","1,496587E-42","0,6944","2,083"
"1231","0","Creature\DruidCat\DruidCat.mdx","1","1","1","7","18","12","1","0","0","0","1,524613E-42","0,6944","2,083"
"1232","0","Creature\DruidCatTauren\DruidCatTauren.mdx","1","1","1","7","18","12","1","0","0","0","1,526014E-42","0,6944","2,083"
"1251","3","Creature\FireElemental\FireElementalGreen.mdx","0","1","-1","-1","18","12","1","0","0","0","1,608691E-42","0,6944","2,083"
"1271","3","Creature\Spells\Creature_SpellPortal.mdx","0","1","-1","-1","18","12","1","0","0","0","1,636717E-42","0,4167","2,361"
"1291","1","Creature\Drake\OrcDrakeRider.mdx","3","1","1","-1","18","12","1","0","0","11","1,664743E-42","0,6944","2,083"
"1311","0","Creature\ZigguratCrystal\ZigguratCrystal.mdx","2","1","-1","-1","18","12","1","0","0","0","1,692769E-42","0,6944","2,083"
"1331","0","Creature\FrostSabre\FrostSabre.mdx","1","1","1","7","24","18","1","0","0","0","1,74882E-42","0,6944","2,083"
"1351","2","Creature\CryptScarab\Crypt_Scarab.mdx","0","1","-1","-1","18","12","1","0","0","0","1,776846E-42","1,667","2,222"
"1371","0","Creature\Ram\RidingRam.mdx","1","1","1","6","18","12","1","0","0","0","1,804872E-42","0,6944","2,083"
"1391","3","Creature\Egg\EggCreature.mdx","0","1","-1","1","0","0","0","0","0","0","1,832898E-42","0","0"
"1411","0","Creature\DragonSpawn\DragonSpawnOverlord.mdx","3","1","1","5","18","12","1","0","0","0","1,860924E-42","0,6944","2,083"
"1431","0","Creature\Ogre\OgreWarlord.mdx","2","1","1","4","18","12","1","0","0","10","1,88895E-42","0,75","2,361"
"1451","0","Creature\FelBeast\FelBeast.mdx","2","1","3","1","20","14","1","0","1","11","1,916976E-42","0,6944","2,083"
"1471","3","Creature\GoblinRocketCar\GoblinRocketCar.mdx","1","1","-1","1","0","0","0","0","0","0","1,945002E-42","0,6944","1,389"
"1491","3","Creature\Wight\Wight.mdx","2","1","2","4","18","12","1","0","0","0","1,973028E-42","0,6944","2,083"
"1492","3","Creature\spirithealer\SpiritHealer.mdx","1","1","-1","-1","18","12","1","0","0","0","1,97443E-42","0,6944","2,083"
"1511","2","Creature\MountedDeathKnight\RidingUndeadWarHorse.mdx","2","1","3","6","18","12","1","0","0","10","2,001054E-42","0,6944","2,083"
"1531","0","Creature\diablo\DiabloFunSized.mdx","0","1","3","5","10","6","1","0","0","0","2,057106E-42","0,6944","3,194"
"1532","0","Creature\panda\PandaCub.mdx","0","1","1","7","10","6","1","0","0","0","2,058507E-42","0,6944","1,814"
"1533","0","Creature\zergling\ZerglingPet.mdx","0","1","1","5","10","6","1","0","0","0","2,059909E-42","1,005","2,495"
"1551","8","Creature\Dragon\DragonOnyxia.mdx","4","1","1","5","18","12","1","0","2","12","2,67648E-43","0,6944","2,083"
"1571","11","Creature\Ragnaros\Ragnaros.mdx","4","1","-1","-1","18","12","1","0","0","12","2,113158E-42","0,6944","2,083"
"1591","0","Creature\Dragon\DragonNefarian.mdx","4","1","3","5","18","12","1","0","2","12","2,67648E-43","0,6944","2,083"
"1611","0","Creature\Turkey\Turkey.mdx","0","1","1","5","3","2","1","0","0","0","2,143987E-42","0","0"
"1631","0","Creature\FelBoar\FelBoar.mdx","1","1","3","3","18","12","1","0","0","0","2,16921E-42","0","0"
"1651","0","Creature\Dragon\DragonAzurgoz.mdx","3","1","3","5","30","20","2","0","2","12","2,67648E-43","0,6944","2,083"
"1671","3","Creature\CrystalPortal\CrystalPortal.mdx","0","1","-1","-1","0","0","0","0","0","0","2,197236E-42","0,6944","2,083"
"1691","0","Creature\Lord Kezzak\LordKezzak.mdx","3","1","3","3","18","12","1","0","10","10","9,52883E-44","1,907","5,72"
"1711","0","Creature\Kodobeast\RidingKodo.mdx","1","1","1","6","18","12","1","0","0","0","2,225262E-42","0,6944","2,083"
"1731","3","Creature\InvisibleStalker\InvisibleStalker.mdx","1","1","3","4","0","0","0","0","0","0","2,253288E-42","0,7778","2,438"
"1751","0","Creature\Tharazun\Tharazun.mdx","2","1","3","1","18","12","1","0","0","0","2,281314E-42","0,6944","2,083"
"1752","3","Creature\InvisibleStalker\InvisibleStalker.mdx","0","1","3","1","18","12","1","0","0","0","2,253288E-42","0,7778","2,438"
"1753","0","Creature\ObsidianDestroyer\ObsidianDestroyer.mdx","3","1","3","5","18","12","1","0","0","0","2,30934E-42","0,6944","2,083"
"1771","0","Creature\BoneGolem\BoneGolem.mdx","1","1","-1","4","0","0","0","0","0","0","2,337366E-42","0,6944","2,083"
"1791","0","Creature\Imp\FireImp.mdx","0","1","3","5","0","0","0","0","0","0","2,365392E-42","0,4722","1,528"
"1811","0","Creature\Lord Kezzak\LordKezzak.mdx","3","1","3","5","18","12","1","0","1","11","2,393418E-42","1,907","5,72"
"1831","11","Creature\Snowman\SnowMan.mdx","1","1","-1","1","0","0","0","0","0","0","2,44947E-42","0,6944","1,389"
"1851","0","Creature\voidterror\VoidTerror.mdx","1","1","3","5","18","12","1","0","0","0","2,477496E-42","0,6944","2,083"
"1871","9","Creature\Manafiend\ManaFiend.mdx","1","1","-1","-1","0","0","0","0","0","0","2,505522E-42","0,6944","2,083"
"1891","0","Creature\DragonFootSoldier\DragonFootSoldier.mdx","1","1","-1","1","18","12","1","0","0","10","2,533548E-42","0,6944","2,083"
"1911","0","Creature\DireWolf\PvPRidingDireWolf.mdx","1","1","1","7","24","18","1","0","0","0","2,561574E-42","0,9722","1,944"
"1912","0","Creature\FrostSabre\PVPRidingFrostSabre.mdx","1","1","1","7","24","18","1","0","0","0","2,562975E-42","0,8333","1,389"
"1913","0","Creature\Ram\PVPRidingRam.mdx","1","1","1","6","18","12","1","0","0","0","2,564376E-42","0,6944","2,083"
"1914","0","Creature\Kodobeast\KodoBeastPvPT2.mdx","1","1","1","6","18","12","1","0","0","0","2,565777E-42","0,6944","2,083"
"1915","0","Creature\MechaStrider\PvPMechaStrider.mdx","1","1","3","5","18","12","1","0","0","0","2,567179E-42","0,6944","2,083"
"1916","0","Creature\RidingRaptor\PvPRidingRaptor.mdx","1","1","1","5","24","18","1","0","0","0","2,56858E-42","0,6944","2,083"
"1917","0","Creature\RidingHorse\RidingHorsePvPT2.mdx","0","1","1","6","18","12","1","0","0","0","2,569981E-42","0,9444","2,778"
"1931","0","Creature\Drakeadon\Drakeadon.mdx","3","1","2","5","18","12","1","0","0","0","2,5896E-42","0,6944","2,083"
"1951","0","Creature\Nightmare\Gorgon101.mdx","1","1","3","3","18","12","1","0","0","0","2,617626E-42","0,9444","2,778"
"1952","0","Creature\WarHorse\PVPWarHorse.mdx","1","1","1","3","18","12","1","0","0","0","2,619027E-42","0","0"
"1971","0","Creature\Spells\BattleStandard_Alliance.mdx","0","1","-1","-1","18","12","1","0","0","0","2,645652E-42","0","0"
"1972","0","Creature\Spells\BattleStandard_Horde.mdx","0","1","-1","-1","0","0","0","0","0","0","2,647053E-42","0","0"
"1973","0","Creature\DragonSpawn\DragonSpawnGreater.mdx","2","1","1","5","18","12","1","0","0","0","2,648454E-42","0,6944","2,083"
"1991","0","Creature\RIDINGHORSE\PackMule.mdx","1","1","1","3","0","0","0","0","0","0","2,673677E-42","0,9444","2,778"
"2011","0","Creature\OrcMaleKid\OrcMaleKid.mdx","0","1","1","4","18","12","1","0","0","0","2,701703E-42","0,3681","1,306"
"2031","0","Creature\OrcFemaleKid\OrcFemaleKid.mdx","0","1","1","1","18","12","1","0","0","0","2,729729E-42","0,3681","1,194"
"2051","0","Creature\AncientOfLore\AncientofLore.mdx","4","1","3","5","18","12","1","0","2","12","2,494311E-43","0,6944","2,083"
"2071","1","Creature\ChineseDragon\ChineseDragon.mdx","0","1","1","-1","0","0","0","0","0","0","2,757755E-42","0","0"
"2072","0","Creature\Spells\BattleStandard_Frostwolf_A_01.mdx","0","1","-1","-1","0","0","0","0","0","0","2,759157E-42","0","0"
"2073","0","Creature\Spells\BattleStandard_Stormpike_A_01.mdx","0","1","-1","-1","18","12","1","0","0","0","2,760558E-42","0","0"
"2091","0","Creature\tigon\TigonMale.mdx","1","1","1","5","18","12","1","0","0","0","2,785781E-42","1,111","2,126"
"2111","11","Creature\Thunderaan\Thunderaan.mdx","0","1","-1","-1","18","12","1","0","0","12","2,813807E-42","0,6944","2,083"
"2131","0","Creature\tigon\TigonFemale.mdx","1","1","1","7","18","12","1","0","0","0","2,841833E-42","1,111","2,126"
"2151","0","Creature\slith\Slith.mdx","1","1","-1","-1","0","0","0","0","0","0","2,869859E-42","0,6944","2,083"
"2171","0","Creature\mobat\Mobat.mdx","1","1","1","-1","0","0","0","0","0","0","2,897885E-42","0,6944","2,083"
"2191","0","Creature\Dryder\Dryder.mdx","2","1","-1","-1","0","0","0","0","0","0","2,925911E-42","0,6944","2,083"
"2192","0","Creature\Hakkar\Hakkar.mdx","0","1","-1","-1","18","12","1","0","0","0","2,927312E-42","0,6944","2,083"
"2193","0","Creature\Hakkar\Hakkar.mdx","0","1","-1","-1","0","0","0","0","0","0","2,927312E-42","0,6944","2,083"
"2194","1","Creature\FelBat\BatRider.mdx","1","1","1","-1","18","12","1","0","0","0","2,928714E-42","0,6944","2,083"
"2195","0","Creature\GnomeRocketCar\GnomeRocketCar.mdx","1","1","3","-1","0","0","0","0","0","0","2,930115E-42","5,064","6,252"
"2196","0","Creature\Dragon\Taerar.mdx","3","1","1","5","30","20","3","0","2","12","2,931516E-42","0,6944","2,083"
"2197","0","Creature\Dragon\Lethon.mdx","3","1","1","5","30","20","5","0","2","12","2,932918E-42","0,6944","2,083"
"2198","0","Creature\Murloc\BabyMurloc.mdx","0","1","1","5","7","5","1","0","0","0","2,934319E-42","0,6944","1,389"
"2199","0","Creature\DruidOwlbear\DruidOwlBear.mdx","1","1","-1","5","18","12","1","0","0","0","2,93572E-42","0,75","2,361"
"2200","0","Creature\DruidOwlbear\DruidOwlBearTauren.mdx","1","1","-1","5","18","12","1","0","0","0","2,937122E-42","0,75","2,361"
"2201","11","Creature\SteamTonk\SteamTonk.mdx","0","1","3","-1","18","12","1","0","0","0","2,938523E-42","0,4444","0,4444"
"2202","0","Creature\Murloc\BabyMurloc.mdx","0","1","-1","5","18","12","1","0","0","0","2,934319E-42","0,6944","1,389"
"2204","1","Creature\SilithidWaspBoss\SilithidWaspBoss.mdx","2","1","2","-1","18","12","1","0","0","0","2,941325E-42","0","0"
"2205","0","Creature\Horisath\Horisath.mdx","3","1","-1","1","18","12","1","0","0","0","2,942727E-42","0,6944","2,083"
"2206","3","Creature\InvisibleMan\InvisibleMan.mdx","1","1","-1","-1","0","0","0","0","0","0","2,944128E-42","0,7778","2,438"
"2208","4","Character\BloodElf\Male\BloodElfMale.mdx","1","1","1","1","0","0","0","0","0","0","3,019798E-42","0,6111","2,031"
"2209","4","Character\BloodElf\Female\BloodElfFemale.mdx","1","1","1","1","0","0","0","0","0","0","3,021199E-42","0,6111","2,031"
"2213","1","Creature\EyeOfKathune\EyeofKathune.mdx","4","1","3","-1","18","12","1","0","0","12","2,951135E-42","0","0"
"2216","1","Creature\SilithidTankBoss\SilithidTankBoss.mdx","2","1","2","-1","18","12","1","0","0","0","2,953937E-42","0","0"
"2217","1","Creature\SilithidTankBoss\SilithidTankBoss_Damaged.mdx","2","1","2","-1","0","0","0","0","0","0","2,955338E-42","0","0"
"2218","1","Creature\SandWorm\SandWorm.mdx","4","1","2","-1","18","12","1","0","0","0","2,95674E-42","0,6111","2,031"
"2220","1","Creature\RidingSilithid\RidingSilithid.mdx","1","1","2","-1","18","12","1","0","0","0","2,959542E-42","0","0"
"2221","0","Creature\SlimeGiant\GiantSlime.mdx","3","1","2","-1","18","12","1","0","0","0","1,135052E-43","0","0"
"2222","0","Creature\SandReaver\SandReaver.mdx","2","1","2","-1","18","12","1","0","0","0","2,960944E-42","0","0"
"2223","0","Creature\TwinEmperor\TwinEmperor.mdx","2","1","2","-1","0","0","0","0","0","0","2,962345E-42","0","0"
"2224","0","Creature\BODYOFKATHUNE\BodyofKathune.mdx","4","1","-1","-1","0","0","0","0","0","38","2,963746E-42","0","0"
"2225","0","Creature\HalfBodyofKathune\HalfBodyofKathune.mdx","4","1","-1","-1","0","0","0","0","0","0","2,965148E-42","0","0"
"2226","0","Creature\EyeStalkofKathune\EyeStalkofKathune.mdx","2","1","3","-1","18","12","1","0","0","0","2,951135E-42","0","0"
"2227","0","Creature\ClawofKathune\ClawofKathune.mdx","2","1","3","-1","18","12","1","0","0","0","2,966549E-42","0","0"
"2228","0","Creature\MouthofKathune01\MouthofKathune01.mdx","2","1","3","-1","18","12","1","0","0","0","2,96795E-42","0","0"
"2229","0","Creature\Shark\Shark.mdx","3","1","1","-1","18","12","1","0","0","0","2,564376E-43","0","0"
"2230","0","Creature\PortalofKathune\PortalofKathune.mdx","3","1","-1","-1","0","0","0","0","0","0","2,969351E-42","0","0"
"2231","0","Creature\NIAN\Nian.mdx","2","1","3","5","18","12","1","0","1","11","2,970753E-42","0","0"
"2232","0","Creature\ReinDeer\ReinDeer.mdx","1","1","1","6","18","12","1","0","0","0","2,972154E-42","0","0"
"2233","0","Creature\ReinDeer\ReinDeerMount.mdx","1","1","1","6","18","12","1","0","0","0","2,973555E-42","0","0"
"2234","9","Creature\CryptLord\CryptLord.mdx","2","1","3","-1","18","12","1","0","0","0","2,974957E-42","0","0"
"2236","3","Creature\KelThuzad\KelThuzad.mdx","3","1","-1","-1","18","12","1","0","0","0","2,977759E-42","0","0"
"2237","1","Creature\Cupid\Cupid.mdx","1","1","1","-1","18","12","1","0","0","0","2,979161E-42","0","0"
"2239","0","Creature\SPELLS\ValentinesDummy.mdx","1","1","-1","-1","18","12","1","0","0","0","2,980562E-42","0","0"
"2240","0","Creature\SpiritofRedemption\SpiritOfRedemption.mdx","0","1","-1","-1","18","12","1","0","0","0","2,981963E-42","0","0"
"2241","0","Creature\FrostWurm\FrostWurm.mdx","3","1","-1","5","18","12","1","0","0","0","2,983364E-42","0","0"
"2242","0","Creature\FleshGiant\FleshGiant.mdx","3","1","2","4","18","12","1","0","0","0","2,984766E-42","0","0"
"2243","1","Creature\GiantSpider\GiantSpider.mdx","3","1","3","-1","18","12","1","0","0","0","2,986167E-42","0","0"
"2244","0","Creature\MadScientist\MadScientist.mdx","1","1","1","4","18","12","1","0","0","0","2,987568E-42","0","0"
"2245","0","Creature\UndeadBeast\UndeadBeast.mdx","3","1","2","5","18","12","1","0","0","0","2,98897E-42","0","0"
"2246","0","Creature\FungalMonster\FungalMonster.mdx","3","1","3","1","18","12","1","0","0","0","2,990371E-42","0","0"
"2247","3","Creature\SporeCreature\SporeCreature.mdx","1","1","2","-1","18","12","1","0","0","0","2,991772E-42","0","0"
"2251","0","Creature\QuestObjects\Creature_ScourgeCrystal.mdx","0","1","-1","-1","0","0","0","0","0","0","2,993174E-42","0","0"
"2252","0","Creature\QuestObjects\Creature_ScourgeCrystalDamaged.mdx","0","1","-1","-1","0","0","0","0","0","0","2,994575E-42","0","0"
"2253","0","Creature\FleshTitan\FleshTitan.mdx","1","1","1","1","18","12","1","0","0","0","2,995976E-42","0,6111","2,031"
"2254","0","Creature\MOUNTEDDEATHKNIGHT\MountedDeathKnight_Mograine.mdx","1","1","-1","-1","18","12","1","0","0","0","2,997377E-42","0","0"
"2255","0","Creature\MOUNTEDDEATHKNIGHT\MountedDeathKnight_Blaumeux.mdx","0","1","-1","-1","0","0","0","0","0","0","2,998779E-42","0","0"
"2256","0","Creature\MOUNTEDDEATHKNIGHT\MountedDeathKnight_Zeliek.mdx","0","1","-1","-1","0","0","0","0","0","0","3,00018E-42","0","0"
"2257","0","Creature\MOUNTEDDEATHKNIGHT\MountedDeathKnight_Korthazz.mdx","0","1","-1","-1","0","0","0","0","0","0","3,001581E-42","0","0"
"2258","0","Creature\Shade\ShadeWhite.mdx","0","1","-1","-1","0","0","0","0","0","0","3,002983E-42","0","0"
"2259","0","Creature\Bear\PolarBearCub.mdx","0","1","-1","-1","18","12","1","0","0","0","3,004384E-42","0","0"
"2260","0","Creature\Cocoon\Cocoon.mdx","1","1","-1","-1","0","0","0","0","0","0","3,005785E-42","0","0"
"2261","0","Creature\Necromancer\Necromancer.mdx","1","1","1","1","18","12","1","0","0","0","3,007187E-42","0","0"
"2264","0","Creature\Pig\Pig.mdx","0","1","-1","-1","18","12","1","0","0","0","9,24857E-44","0","0"
"2265","0","Creature\Turtle\Turtle.mdx","0","1","-1","-1","18","12","1","0","0","0","2,39622E-43","0","0"
"2268","0","Creature\WISP\WispRed.mdx","0","1","-1","-1","0","0","0","0","0","0","3,014193E-42","0","0"
"2296","3","Creature\InvisibleStalker\InvisibleStalkerNoName.mdx","1","1","3","4","18","12","1","0","0","0","2,253288E-42","0","0"
"2325","0","Creature\RidingTurtle\RidingTurtle.mdx","1","1","-1","6","18","12","1","0","0","0","3,077251E-42","0,6944","2,083"
"2326","3","Creature\GRYPHON\Gryphon.mdx","0","1","-1","-1","18","12","1","0","0","0","3,078653E-42","0","0"
"2332","1","Creature\AllianceRider\AllianceRider.mdx","0","1","-1","-1","18","12","1","0","0","0","3,084258E-42","0","0"
"2333","1","Creature\HordeRider\HordeRider.mdx","0","1","-1","-1","18","12","1","0","0","0","3,085659E-42","0","0"
"2337","0","Creature\Landro\Landro.mdx","0","1","-1","1","0","0","0","0","0","0","3,091264E-42","0","0"
"2355","0","Creature\Tiger\Tigercub.mdx","0","1","-1","7","0","0","0,25","0","0","0","3,094067E-42","0","0"
"2356","0","Creature\Hippogryph\HippogryphPet.mdx","0","1","-1","-1","0","0","0","0","0","0","3,095468E-42","0","0"
"2365","1","Creature\GRYPHON\Gryphon_Ghost.mdx","0","1","-1","-1","18","12","1","0","0","0","3,124896E-42","0,6944","2,083"
"2400","0","Creature\BloodElfGuard\BloodElfMale_Guard.mdx","1","1","1","1","18","12","1","0","0","0","4,077779E-43","0,5848","2,028"
"2401","0","Creature\Mistfox\Mistfox.mdx","1","1","1","7","9","6","1","0","0","0","6,025583E-44","0,6944","2,083"
"2402","2","Creature\ArcaneGolem\ArcaneGolem.mdx","1","1","3","-1","18","12","1","0","0","10","3,01139E-42","0,6944","2,083"
"2403","2","Creature\ArcaneGolem\ArcaneGolemBroken.mdx","1","1","3","-1","18","12","1","0","0","10","3,012792E-42","0,6944","2,083"
"2404","2","Creature\ArcaneGolem\ArcaneGolemPurple.mdx","1","1","3","-1","18","12","1","0","0","10","3,01139E-42","0,6944","2,083"
"2405","0","Creature\TempScourgeMaleNPC\ScourgeMaleNPC.mdx","1","1","1","1","18","12","1","0","0","0","2,073922E-43","0,6944","2,083"
"2406","0","Creature\Forsakenmage\Forsakenmage.mdx","1","1","1","1","18","12","1","0","0","0","2,073922E-43","0,6944","2,083"
"2407","0","Creature\BloodelfFemaleKid\BloodelfFemaleKid.mdx","1","1","1","4","18","12","1","0","0","0","1,121039E-43","0,3681","1,194"
"2408","0","Creature\Eredar\Eredar.mdx","1","1","1","3","18","12","1","0","0","0","7,012098E-42","0,6944","2,083"
"2409","2","Creature\EredarFemale\EredarFemale.mdx","1","1","1","3","18","12","1","0","0","0","7,006492E-42","0,6944","2,083"
"2410","0","Creature\illidan\illidan.mdx","1","1","1","1","18","12","1","0","0","0","7,0149E-42","0,6264","2,606"
"2411","0","Creature\kaelthas\kaelthas.mdx","1","1","1","1","18","12","1","0","0","0","7,010696E-42","0,5848","2,028"
"2412","0","Creature\medivh\medivh.mdx","1","1","1","1","18","12","1","0","0","0","2,662467E-44","0,5097","2,031"
"2413","0","Creature\DragonSpawnArmoredDarkshade\DragonSpawnArmoredDarkshade.mdx","1","1","1","5","18","12","1","0","0","0","6,586103E-44","0,6944","2,083"
"2414","0","Creature\DragonSpawnDarkshade\DragonSpawnDarkshade.mdx","1","1","1","5","18","12","1","0","0","0","6,586103E-44","0,6944","2,083"
"2415","0","Creature\DragonSpawnCasterDarkshade\DragonSpawnCasterDarkshade.mdx","1","1","1","5","18","12","1","0","0","0","6,586103E-44","0,6944","2,083"
"2416","9","Creature\DragonWhelpDarkshade\DragonWhelpDarkshade.mdx","0","1","1","-1","18","12","1","0","0","0","8,407791E-45","0,6944","2,083"
"2417","9","Creature\DrakeDarkshade\DrakeDarkshade.mdx","2","1","1","1","18","12","1","0","0","10","7,118596E-43","0,6944","2,083"
"2418","0","Creature\DragonDarkshade\DragonDarkshade.mdx","4","1","1","5","30","20","3","0","2","12","2,67648E-43","0,6944","2,083"
"2419","0","Creature\Miev\Miev.mdx","1","1","1","1","12","10","1","0","0","0","7,847271E-44","0,5556","2,25"
"2420","0","Creature\Akama\Akama.mdx","1","1","1","4","18","12","1","0","0","0","7,009295E-42","0,6944","2,083"
"2421","2","Creature\Succubus\Succubusold.mdx","1","1","1","3","18","12","1","0","0","0","5,184804E-44","0,6944","2,083"
"2422","0","Creature\Ogre\Ogreold.mdx","3","1","1","4","18","12","1","0","0","10","4,484155E-44","0,75","2,361"
"2423","8","Creature\OgreMage\OgreMage.mdx","3","1","1","1","18","12","1","0","0","10","4,624285E-44","0,75","2,361"
"2424","0","Creature\OgreWarlord\OgreWarlord.mdx","2","1","1","4","18","12","1","0","0","10","1,88895E-42","0,75","2,361"
"2425","3","Creature\Broom\Be_Broom01.mdx","1","1","-1","-1","18","12","1","0","0","0","3,046423E-42","0,6944","2,083"
"2426","0","Creature\arthaslichking\arthaslichking.mdx","1","1","1","1","18","12","1","0","0","0","7,013499E-42","0,5097","2,031"
"2427","8","Creature\rexxar\rexxar.mdx","3","1","1","1","18","12","1","0","0","10","4,624285E-44","0,75","2,361"
"2428","0","Creature\Zuljin\Zuljin.mdx","1","1","-1","4","18","12","1","0","0","0","1,681558E-43","0,6944","2,083"
"2429","0","Creature\OrcFemaleWarriorLight\OrcFemale.mdx","1","1","1","1","12","11","1","0","0","0","7,286752E-44","0,4722","2,051"
"2430","0","Creature\Pitlord\Pitlord.mdx","4","1","1","5","30","20","3","0","2","12","7,016301E-42","0,6944","2,083"
"2431","0","Creature\tamamo\tamamo.mdx","1","1","1","7","18","12","1","0","0","0","7,017703E-42","0,6944","2,083"
"2432","0","Creature\geist\geist.mdx","0","1","-1","4","18","12","1","0","0","0","1,989844E-43","0,6944","2,083"
"2433","0","Creature\bearmountalt\Bearmountalt.mdx","1","1","1","7","18","12","1","0","0","0","1,163078E-43","0,6944","1,814"
"2434","0","Creature\Chickenmount\Chickenmount.mdx","0","1","1","5","4","3","1","0","0","0","1,555441E-43","0,2778","0,4167"
"2435","8","Creature\chogall\chogalldisciple.mdx","3","1","1","1","18","12","1","0","0","10","4,624285E-44","0,75","2,361"
"2436","0","Creature\Cenarius\Cenarius.mdx","1","1","1","6","18","12","1","0","0","0","3,503246E-44","0,6944","2,083"
"2437","0","Creature\Monkey\Monkey.mdx","0","1","1","4","18","12","1","0","0","0","1,891753E-43","0,6944","2,083"
"2438","0","Creature\Watcher\Watcher.mdx","1","1","1","1","12","10","1","0","0","0","7,847271E-44","0,5556","2,25"
"2439","1","Creature\NagaLordMale\NagaLordMale.mdx","1","1","1","1","1","1","1","0","0","0","4,330012E-43","0,6944","2,083"
"2440","0","Creature\Rockflayer\Rockflayer.mdx","1","1","1","3","18","12","1","0","0","0","7,007894E-42","0,6944","2,083"
"2441","0","Creature\DragonFootSoldierDarkShade\DragonFootSoldierDarkShade.mdx","1","1","-1","1","18","12","1","0","0","10","2,533548E-42","0,6944","2,083"
"2442","1","Creature\LadyVashj\LadyVashj.mdx","1","1","-1","-1","18","12","1","0","0","0","6,558077E-43","0,6944","2,083"
"2443","0","Creature\HUMSGuardBig\HUMSGuardBig.mdx","1","1","1","1","18","12","1","0","0","0","2,942727E-44","0,5097","2,031"
"2444","0","Creature\HUMSGuardBig\HUMSFootmanBig.mdx","1","1","1","1","18","12","1","0","0","0","2,942727E-44","0,5097","2,031"
"2445","0","Creature\SpectralTiger\SpectralTiger.mdx","1","1","1","7","24","18","1","0","0","0","2,746545E-43","0,6944","2,083"
"2446","0","Creature\SpectralTiger\SpectralTigerEpic.mdx","1","1","1","7","24","18","1","0","0","0","2,746545E-43","0,6944","2,083"
"2447","10","Creature\Dragonhawk\Dragonhawk.mdx","0","1","1","1","18","12","1","0","0","0","8,547921E-44","0,6944","2,083"
"2448","10","Creature\Phoenix\Phoenix.mdx","0","1","1","1","18","12","1","0","0","0","8,547921E-44","0,6944","2,083"
"2449","0","Creature\Ravengod\Ravengod.mdx","0","1","1","5","4","3","1","0","0","0","1,555441E-43","0,2778","0,4167"
"2450","8","Creature\OgreMageLord\OgreMageLord.mdx","3","1","1","1","18","12","1","0","0","10","4,624285E-44","0,75","2,361"
"2451","0","Creature\CrackElf\CrackElfMale.mdx","1","1","1","1","18","12","1","0","0","0","2,073922E-43","0,6944","2,083"
"2452","0","Creature\FelElfCasterFemale\FelElfCasterFemale.mdx","1","1","1","1","18","12","1","0","0","0","4,021727E-43","0,4146","2,142"
"2453","0","Creature\FelElfHunterFemale\FelElfHunterFemale.mdx","1","1","1","1","18","12","1","0","0","0","4,021727E-43","0,4146","2,142"
"2454","0","Creature\FelElfCasterMale\FelElfCasterMale.mdx","1","1","1","1","18","12","1","0","0","0","4,077779E-43","0,5848","2,028"
"2455","0","Creature\FelElfWarriorMale\FelElfWarriorMale.mdx","1","1","1","1","18","12","1","0","0","0","4,077779E-43","0,5848","2,028"
"2456","0","Creature\BloodelfMaleKid\BloodelfMaleKid.mdx","1","1","1","4","18","12","1","0","0","0","1,107026E-43","0,3681","1,306"
"2457","0","Creature\MountedDeathKnight\UnMountedDeathKnight.mdx","1","1","1","1","18","12","1","0","0","0","7,013499E-42","0,5097","2,031"
"2458","0","Creature\felhorse\FelHorseEpic.mdx","1","1","3","3","18","12","1","0","0","0","2,617626E-42","0,9444","2,778"
"2459","0","Creature\AntonidasHorse\AntH.mdx","1","1","1","6","18","12","1","0","0","0","9,10844E-44","0,9444","2,778"
"2460","0","Creature\FacelessOne\FacelessOne.mdx","1","1","1","-1","0","0","0","0","0","0","2,962345E-42","0","0"
"2461","0","Creature\ZebraMount\ZebraMount.mdx","1","1","1","6","18","12","1","0","0","0","9,10844E-44","0,9444","2,778"
"2462","2","Creature\FlyingNerubian\FlyingNerubian.mdx","1","1","1","0","18","12","1","0","0","0","5,605194E-45","0","0"
"2463","0","Creature\pandarenmonk\Pandarenmonk.mdx","1","1","1","7","18","12","1","0","0","0","1,121039E-44","0,6944","2,083"
"2464","1","Creature\Gryphon\Gryphon_armoredmount.mdx","2","1","1","-1","18","12","1","0","0","0","2,031883E-43","0,6944","2,083"
"2465","1","Creature\Gryphon\Gryphon_mount.mdx","2","1","1","-1","18","12","1","0","0","0","2,031883E-43","0,6944","2,083"
"2466","9","Creature\DrakeMount\Drakemount.mdx","2","1","1","1","18","12","1","0","0","10","7,118596E-43","0,6944","2,083"
"2467","1","Creature\Wyvern\Wyvern_mount.mdx","1","1","1","-1","18","12","1","0","0","0","1,191104E-43","0,6944","2,083"
"2468","1","Creature\Wyvern\Wyvern_Armored.mdx","1","1","1","-1","18","12","1","0","0","0","1,191104E-43","0,6944","2,083"
"2469","9","Creature\HippogryphMount\Hippogryphmount.mdx","2","1","1","-1","18","12","1","0","0","0","1,261169E-43","0,6944","2,083"
"2470","2","Creature\GnomePounderMount\GnomePounderMount.mdx","2","1","-1","1","18","12","1","0","0","10","1,050974E-42","0,6944","2,083"
"2471","3","Creature\GnomeSpidertankMount\GnomeSpiderTankMount.mdx","2","1","3","-1","1","1","1","0","0","10","8,239635E-43","0,6944","2,083"
"2472","3","Creature\GoblinRocketCarMount\GoblinRocketCarMount.mdx","1","1","-1","1","0","0","0","0","0","0","1,945002E-42","0,6944","1,389"
"2473","0","Creature\GoblinShredderMount\GoblinShredderMOUNT.mdx","1","1","-1","1","18","12","1","0","0","0","2,438259E-43","0,6944","2,083"
"2474","0","Creature\AltTam\AltTam.mdx","1","1","1","7","18","12","1","0","0","0","7,017703E-42","0,6944","2,083"
"2475","2","Creature\draeneifemalelow\draeneifemalelow.mdx","1","1","1","3","18","12","1","0","0","0","7,006492E-42","0,6944","2,083"
"2476","1","Creature\Eagle\Eagle.mdx","1","1","1","1","18","12","1","0","0","0","4,904545E-43","0,6944","2,083"
"2477","0","Creature\bearcub\BearCub.mdx","0","1","1","7","10","6","1","0","0","0","1,163078E-43","0,6944","1,814"
"2478","0","Creature\MountedDemonKnight\MountedDemonKnight.mdx","1","1","-1","6","18","12","1","0","0","0","9,080414E-43","0,6944","2,083"
"2479","0","Creature\HumanMalePirateCrewman\HumanMalePirateCrewman_ghost.mdx","1","1","-1","4","18","12","1","0","0","0","1,793662E-43","0,6944","2,083"
"2480","1","Creature\Crawler\Crawler.mdx","1","1","2","1","1","1","1","0","0","0","5,044674E-44","0,6944","2,083"
"2481","10","Creature\Dragonhawk\DragonhawkMount.mdx","0","1","1","1","18","12","1","0","0","0","8,547921E-44","0,6944","2,083"
"2482","0","Creature\bearmount\Bearmount.mdx","1","1","1","7","18","12","1","0","0","0","1,163078E-43","0,6944","1,814"
"2483","0","Creature\northrendbearmount\Northrendbearmountblizzcon.mdx","1","1","1","7","18","12","1","0","0","0","1,163078E-43","0,6944","1,814"
"2484","11","Creature\WaterElemental\WaterElemental_Red.mdx","1","1","1","-1","18","12","1","0","0","0","1,541428E-43","0,6944","2,083"
"2485","3","Creature\Timerift\Time_Rift1.mdx","0","1","2","-1","18","12","1","0","0","0","2,718519E-43","0,6944","1,389"
"2486","0","Creature\geistalpha\geistalpha.mdx","0","1","-1","4","18","12","1","0","0","0","7,020505E-42","0,6944","2,083"
"2487","0","Creature\Tuskarr\Tuskarrmale.mdx","1","1","1","1","18","12","1","0","0","0","2,382207E-44","0,5097","2,031"
"2488","11","Creature\Frostlord\Frostlord.mdx","0","1","-1","-1","18","12","1","0","0","12","2,813807E-42","0,6944","2,083"
"2489","0","Creature\Frostlord\Frostlordcore.mdx","2","1","-1","-1","18","12","1","0","0","0","1,692769E-42","0,6944","2,083"
"2490","0","Creature\Magnataur\Magnataur.mdx","2","1","1","7","18","12","1","0","0","0","2,53635E-43","0,6944","2,083"
"2491","0","Creature\SeaVrykul\SeaVrykul.mdx","1","1","1","1","18","12","1","0","0","0","2,382207E-44","0,5097","2,031"
"2492","1","Creature\EpicDruidFlightAlliance\EpicDruidFlightAlliance.mdx","1","1","1","1","18","12","1","0","0","0","4,904545E-43","0,6944","2,083"
"2493","3","Creature\Gyrocopter\Gyrocopter_01.mdx","1","1","-1","-1","18","12","1","0","0","0","2,421444E-42","0,6944","2,083"
"2494","0","Creature\Mammoth\Mammothmount2.mdx","3","1","1","1","18","12","1","0","1","10","3,783506E-44","0,6944","2,083"
"2495","3","Creature\WhimsyshireCloudMount\WhimsyshireCloudMount.mdx","1","1","-1","-1","18","12","1","0","0","0","7,398856E-43","0,6944","2,083"
"2496","0","Creature\Kudry\Kudryavka.mdx","1","1","1","1","18","12","1","0","0","0","1,821688E-44","0,5097","2,031"
"2497","0","Creature\SpectralTiger\SpectralTigerCub.mdx","0","1","1","7","4","3","1","0","0","0","7,959375E-43","0,4167","0,5556"
"2498","0","Creature\MountedDeathKnight\UnMountedDeathKnight2.mdx","1","1","1","1","18","12","1","0","0","0","7,013499E-42","0,5097","2,031"
"2499","10","Creature\Warpstalker\Warpstalker.mdx","0","1","-1","5","18","12","1","0","0","0","1,905766E-43","0,6944","2,083"
"2500","10","Creature\warpstalkermountbc\warpstalkermountbc.mdx","0","1","-1","5","18","12","1","0","0","0","1,905766E-43","0,6944","2,083"
"2501","0","Creature\Dragonman\Dragonman.mdx","1","1","-1","1","18","12","1","0","0","10","2,533548E-42","0,6944","2,083"
"2502","0","Creature\Dragonman\Dragonman_var1.mdx","1","1","-1","1","18","12","1","0","0","10","2,533548E-42","0,6944","2,083"
"2503","0","Creature\FelOrcDire\FelOrcDire.mdx","2","1","1","1","18","12","1","0","0","0","1,216327E-42","0,6944","2,083"
"2504","0","Creature\FrostWurmFellfire\FrostWurmFellfire.mdx","3","1","-1","5","18","12","1","0","0","0","2,983364E-42","0","0"
"2505","2","Creature\FelReaver\FelReaver.mdx","1","1","3","-1","18","12","1","0","0","10","3,01139E-42","0,6944","2,083"
"2506","3","Creature\FelCannon\FelCannon.mdx","1","1","-1","4","18","12","1","0","0","0","3,741467E-43","0,6944","2,083"
"2507","3","Creature\FelCannon\FelCannon_02.mdx","1","1","-1","4","18","12","1","0","0","0","3,741467E-43","0,6944","2,083"
"2508","0","Creature\DragonSpawnOverlordDarkshade\DragonSpawnOverlordDarkshade.mdx","3","1","1","5","18","12","1","0","0","0","1,860924E-42","0,6944","2,083"
"2509","0","Creature\druidtravelalliance\DruidTravelAlliance_Low01.mdx","1","1","1","6","18","12","1","0","0","0","2,578389E-43","0,6944","2,083"
"2510","0","Creature\arthasundead\arthasundead.mdx","1","1","1","1","18","12","1","0","0","0","7,013499E-42","0,5097","2,031"
"2511","0","Creature\Arthas\Arthas.mdx","1","1","1","1","18","12","1","0","0","0","2,101948E-43","0,6111","2,031"
"2512","2","Creature\ClockworkGnome\ClockworkGnome.mdx","0","1","-1","-1","18","12","1","0","0","0","1,020145E-42","1,389","4,167"
"2513","2","Creature\ClockworkGnome\ClockworkGnome_A.mdx","0","1","-1","-1","18","12","1","0","0","0","1,020145E-42","1,389","4,167"
"2514","2","Creature\ClockworkGnome\ClockworkGnome_B.mdx","0","1","-1","-1","18","12","1","0","0","0","1,020145E-42","1,389","4,167"
"2515","2","Creature\ClockworkGnome\ClockworkGnome_C.mdx","0","1","-1","-1","18","12","1","0","0","0","1,020145E-42","1,389","4,167"
"2516","2","Creature\ClockworkGnome\ClockworkGnome_D.mdx","0","1","-1","-1","18","12","1","0","0","0","1,020145E-42","1,389","4,167"
"2517","0","Creature\Broommount\Broommount.mdx","0","1","-1","-1","0","0","0","0","0","0","3,014193E-42","0","0"
"2518","1","Creature\NorthrendPenguin\NorthrendPenguin.mdx","1","1","1","1","18","12","1","0","0","0","4,904545E-43","0,6944","2,083"
"2519","0","Creature\Cat\Cat_Hallowsend.mdx","0","1","1","7","4","3","1","0","0","0","7,959375E-43","0,4167","0,5556"
"2520","2","Creature\VoidWalkerOutland\VoidWalker_Outland.mdx","1","1","2","1","18","12","1","0","0","0","2,270104E-43","0,6944","2,083"
"2521","0","Creature\GIGN\GIGN.mdx","1","1","1","1","18","12","1","0","0","0","2,101948E-43","0,6111","2,031"
"2522","0","Creature\azshara\azshara.mdx","1","1","1","3","18","12","1","0","0","0","7,006492E-42","0,6944","2,083"
"2523","2","Creature\incubus_low\Incubus_Low.mdx","1","1","1","3","18","12","1","0","0","0","3,019798E-42","0,6944","2,083"
"2524","3","Creature\FlyingMachineCreature_vehicle\flyingmachinecreature_vehicle.mdx","1","1","-1","-1","18","12","1","0","0","0","2,421444E-42","0,6944","2,083"
"2525","0","Creature\MTMTMT\MTMTMT.mdx","1","1","1","-1","18","12","1","0","0","0","2,143987E-43","0,6944","2,083"
"2526","0","Creature\RidingTalbuk\RidingTalbuk.mdx","1","1","1","6","18","12","1","0","0","0","1,804872E-42","0,6944","2,083"
"2527","0","Creature\RidingTalbuk\RidingTalbukEpic.mdx","1","1","1","6","18","12","1","0","0","0","1,804872E-42","0,6944","2,083"
"2528","0","Creature\Talbuk\Talbuk.mdx","1","1","1","6","18","12","1","0","0","0","1,804872E-42","0,6944","2,083"
"2529","3","Creature\Powersparkcreature\Powersparkcreature.mdx","1","1","-1","-1","18","12","1","0","0","0","2,480298E-43","0,7936","2,083"
"2530","3","Creature\AllianceBrassCannon\AllianceBrassCannon.mdx","1","1","-1","4","18","12","1","0","0","0","3,741467E-43","0,6944","2,083"
"2531","1","Creature\WyvernPet\WyvernPet.mdx","0","1","0","7","4","3","1","0","0","0","7,959375E-43","0,4167","0,5556"
"2533","0","Creature\Kvaldir\SeaVrykulMale.mdx","1","1","0","3","18","12","1","0","0","0","3,019798E-42","0,6944","2,083"
"2536","0","Creature\BabyLich\BabyLich.mdx","0","1","0","0","0","0","0","0","0","0","1,804872E-42","0,6944","2,083"
"2537","0","Creature\BabyMoonkin\BabyMoonkin_NE.mdx","0","1","0","0","0","0","0","0","0","0","1,804872E-42","0,6944","2,083"
"2538","0","Creature\BabyRagnoros\BabyRagnoros.mdx","0","1","0","0","0","0","0","0","0","0","1,804872E-42","0,6944","2,083"
"2539","0","Creature\BabyCore\Corehoundpet.mdx","0","1","0","0","0","0","0","0","0","0","1,804872E-42","0,6944","2,083"
